coname,twitter main account,twitter other accounts
3M CO,,
ABBOTT LABORATORIES,,
ABERCROMBIE & FITCH  -CL A,,
ACCENTURE PLC,,
ACE LTD,,
ADOBE SYSTEMS INC,,
ADVANCED MICRO DEVICES,,
AES CORP,,
AETNA INC,,
AFLAC INC,,
AGILENT TECHNOLOGIES INC,,
AIR PRODUCTS & CHEMICALS INC,,
AKAMAI TECHNOLOGIES INC,,
ALLEGHENY TECHNOLOGIES INC,,
ALLSTATE CORP,,
ALTERA CORP,,
ALTRIA GROUP INC,,
AMAZON.COM INC,,
AMEREN CORP,,
AMERICAN ELECTRIC POWER CO,,
AMERICAN EXPRESS CO,,
AMERICAN INTERNATIONAL GROUP,,
AMERICAN TOWER CORP,,
AMERIPRISE FINANCIAL INC,,
AMERISOURCEBERGEN CORP,,
AMGEN INC,,
AMPHENOL CORP,,
ANADARKO PETROLEUM CORP,,
ANALOG DEVICES,,
AON PLC,,
APACHE CORP,,
APARTMENT INVST & MGMT CO,,
APOLLO GROUP INC  -CL A,,
APPLE INC,,
APPLIED MATERIALS INC,,
ARCHER-DANIELS-MIDLAND CO,,
ASSURANT INC,,
AT&T INC,,
AUTODESK INC,,
AUTOMATIC DATA PROCESSING,,
AUTONATION INC,,
AUTOZONE INC,,
AVALONBAY COMMUNITIES INC,,
AVERY DENNISON CORP,,
AVON PRODUCTS,,
BAKER HUGHES INC,,
BALL CORP,,
BANK OF AMERICA CORP,,
BANK OF NEW YORK MELLON CORP,,
BARD (C.R.) INC,,
BAXTER INTERNATIONAL INC,,
BB&T CORP,,
BEAM INC,,
BECTON DICKINSON & CO,,
BEMIS CO INC,,
BEST BUY CO INC,,
BIG LOTS INC,,
BIOGEN IDEC INC,,
BLACKROCK INC,,
BOEING CO,,
BORGWARNER INC,,
BOSTON PROPERTIES INC,,
BOSTON SCIENTIFIC CORP,,
BRISTOL-MYERS SQUIBB CO,,
BROADCOM CORP  -CL A,,
C H ROBINSON WORLDWIDE INC,,
CABLEVISION SYS CORP  -CL A,,
CABOT OIL & GAS CORP,,
CAMERON INTERNATIONAL CORP,,
CAMPBELL SOUP CO,,
CARDINAL HEALTH INC,,
CAREFUSION CORP,,
CARMAX INC,,
CARNIVAL CORP/PLC (USA),,
CATERPILLAR INC,,
CBRE GROUP INC,,
CBS CORP,,
CELGENE CORP,,
CENTERPOINT ENERGY INC,,
CENTURYLINK INC,,
CERNER CORP,,
CF INDUSTRIES HOLDINGS INC,,
CHESAPEAKE ENERGY CORP,,
CHEVRON CORP,,
CHIPOTLE MEXICAN GRILL INC,,
CIGNA CORP,,
CINCINNATI FINANCIAL CORP,,
CISCO SYSTEMS INC,,
CITIGROUP INC,,
CITRIX SYSTEMS INC,,
CLIFFS NATURAL RESOURCES INC,,
CLOROX CO/DE,,
CME GROUP INC,,
CMS ENERGY CORP,,
COACH INC,,
COCA-COLA CO,,
COCA-COLA ENTERPRISES INC,,
COGNIZANT TECH SOLUTIONS,,
COLGATE-PALMOLIVE CO,,
COMCAST CORP,,
COMERICA INC,,
CONOCOPHILLIPS,,
CONSOL ENERGY INC,,
CONSOLIDATED EDISON INC,,
COOPER INDUSTRIES PLC,,
CORNING INC,,
COSTCO WHOLESALE CORP,,
COVENTRY HEALTH CARE INC,,
COVIDIEN PLC,,
CROWN CASTLE INTL CORP,,
CSX CORP,,
CUMMINS INC,,
CVS CAREMARK CORP,,
D R HORTON INC,,
DANAHER CORP,,
DAVITA INC,,
DEAN FOODS CO,,
DEERE & CO,,
DENBURY RESOURCES INC,,
DENTSPLY INTERNATL INC,,
DEVON ENERGY CORP,,
DEVRY INC,,
DIAMOND OFFSHRE DRILLING INC,,
DISCOVER FINANCIAL SVCS INC,,
DISCOVERY COMMUNICATIONS INC,,
DISNEY (WALT) CO,,
DOLLAR TREE INC,,
DOMINION RESOURCES INC,,
DONNELLEY (R R) & SONS CO,,
DOVER CORP,,
DOW CHEMICAL,,
DR PEPPER SNAPPLE GROUP INC,,
DTE ENERGY CO,,
DU PONT (E I) DE NEMOURS,,
DUKE ENERGY CORP,,
DUN & BRADSTREET CORP,,
E TRADE FINANCIAL CORP,,
EASTMAN CHEMICAL CO,,
EATON CORP,,
EBAY INC,,
ECOLAB INC,,
EDISON INTERNATIONAL,,
EDWARDS LIFESCIENCES CORP,,
EL PASO CORP,,
EMC CORP/MA,,
EMERSON ELECTRIC CO,,
ENTERGY CORP,,
EOG RESOURCES INC,,
EQT CORP,,
EQUIFAX INC,,
EQUITY RESIDENTIAL,,
EXELON CORP,,
EXPEDIA INC,,
EXPEDITORS INTL WASH INC,,
EXPRESS SCRIPTS HOLDING CO,,
EXXON MOBIL CORP,,
F5 NETWORKS INC,,
FAMILY DOLLAR STORES,,
FASTENAL CO,,
FEDERATED INVESTORS INC,,
FIDELITY NATIONAL INFO SVCS,,
FIFTH THIRD BANCORP,,
FIRST HORIZON NATIONAL CORP,,
FIRST SOLAR INC,,
FIRSTENERGY CORP,,
FISERV INC,,
FLIR SYSTEMS INC,,
FLOWSERVE CORP,,
FLUOR CORP,,
FMC CORP,,
FMC TECHNOLOGIES INC,,
FORD MOTOR CO,,
FOSSIL INC,,
FRANKLIN RESOURCES INC,,
FREEPORT-MCMORAN COP&GOLD,,
FRONTIER COMMUNICATIONS CORP,,
GAMESTOP CORP,,
GAP INC,,
GENERAL DYNAMICS CORP,,
GENERAL ELECTRIC CO,,
GENUINE PARTS CO,,
GENWORTH FINANCIAL INC,,
GILEAD SCIENCES INC,,
GOLDMAN SACHS GROUP INC,,
GOODRICH CORP,,
GOODYEAR TIRE & RUBBER CO,,
GOOGLE INC,,
GRAINGER (W W) INC,,
HALLIBURTON CO,,
HARLEY-DAVIDSON INC,,
HARMAN INTERNATIONAL INDS,,
HARRIS CORP,,
HARTFORD FINANCIAL SERVICES,,
HASBRO INC,,
HCP INC,,
HEALTH CARE REIT INC,,
HELMERICH & PAYNE,,
HERSHEY CO,,
HESS CORP,,
HEWLETT-PACKARD CO,,
HOME DEPOT INC,,
HONEYWELL INTERNATIONAL INC,,
HORMEL FOODS CORP,,
HOSPIRA INC,,
HOST HOTELS & RESORTS INC,,
HUDSON CITY BANCORP INC,,
HUMANA INC,,
HUNTINGTON BANCSHARES,,
ILLINOIS TOOL WORKS,,
INGERSOLL-RAND PLC,,
INTEL CORP,,
INTERCONTINENTALEXCHANGE INC,,
INTERPUBLIC GROUP OF COS,,
INTL BUSINESS MACHINES CORP,,
INTL FLAVORS & FRAGRANCES,,
INTL PAPER CO,,
INTUIT INC,,
INTUITIVE SURGICAL INC,,
INVESCO LTD,,
IRON MOUNTAIN INC,,
JABIL CIRCUIT INC,,
JACOBS ENGINEERING GROUP INC,,
JOHNSON & JOHNSON,,
JOHNSON CONTROLS INC,,
JOY GLOBAL INC,,
JPMORGAN CHASE & CO,,
JUNIPER NETWORKS INC,,
KELLOGG CO,,
KEYCORP,,
KIMBERLY-CLARK CORP,,
KIMCO REALTY CORP,,
KLA-TENCOR CORP,,
KOHL'S CORP,,
KRAFT FOODS INC,,
KROGER CO,,
L-3 COMMUNICATIONS HLDGS INC,,
LABORATORY CP OF AMER HLDGS,,
LAUDER (ESTEE) COS INC -CL A,,
LEGGETT & PLATT INC,,
LENNAR CORP,,
LEUCADIA NATIONAL CORP,,
LEXMARK INTL INC  -CL A,,
LILLY (ELI) & CO,,
LIMITED BRANDS INC,,
LINCOLN NATIONAL CORP,,
LINEAR TECHNOLOGY CORP,,
LOCKHEED MARTIN CORP,,
LOEWS CORP,,
LORILLARD INC,,
LOWE'S COMPANIES INC,,
M & T BANK CORP,,
MACY'S INC,,
MARATHON OIL CORP,,
MARATHON PETROLEUM CORP,,
MARRIOTT INTL INC,,
MARSH & MCLENNAN COS,,
MASCO CORP,,
MASTERCARD INC,,
MATTEL INC,,
MCCORMICK & CO INC,,
MCDONALD'S CORP,,
MEAD JOHNSON NUTRITION CO,,
MEADWESTVACO CORP,,
MERCK & CO,,
METLIFE INC,,
METROPCS COMMUNICATIONS INC,,
MICRON TECHNOLOGY INC,,
MICROSOFT CORP,,
MOLEX INC,,
MOLSON COORS BREWING CO,,
MONSANTO CO,,
MOODY'S CORP,,
MORGAN STANLEY,,
MOTOROLA SOLUTIONS INC,,
MURPHY OIL CORP,,
MYLAN INC,,
NABORS INDUSTRIES LTD,,
NASDAQ OMX GROUP INC,,
NATIONAL OILWELL VARCO INC,,
NETFLIX INC,,
NEWELL RUBBERMAID INC,,
NEWFIELD EXPLORATION CO,,
NEWMONT MINING CORP,,
NEWS CORP,,
NEXTERA ENERGY INC,,
NISOURCE INC,,
NOBLE CORP,,
NOBLE ENERGY INC,,
NORDSTROM INC,,
NORFOLK SOUTHERN CORP,,
NORTHEAST UTILITIES,,
NORTHERN TRUST CORP,,
NORTHROP GRUMMAN CORP,,
NRG ENERGY INC,,
NUCOR CORP,,
NVIDIA CORP,,
NYSE EURONEXT,,
O'REILLY AUTOMOTIVE INC,,
OCCIDENTAL PETROLEUM CORP,,
OMNICOM GROUP,,
ONEOK INC,,
OWENS-ILLINOIS INC,,
PACCAR INC,,
PALL CORP,,
PARKER-HANNIFIN CORP,,
PENNEY (J C) CO,,
PEOPLE'S UNITED FINL INC,,
PEPCO HOLDINGS INC,,
PEPSICO INC,,
PERKINELMER INC,,
PERRIGO CO,,
PFIZER INC,,
PG&E CORP,,
PHILIP MORRIS INTERNATIONAL,,
PINNACLE WEST CAPITAL CORP,,
PIONEER NATURAL RESOURCES CO,,
PITNEY BOWES INC,,
PLUM CREEK TIMBER CO INC,,
PNC FINANCIAL SVCS GROUP INC,,
PPG INDUSTRIES INC,,
PPL CORP,,
PRAXAIR INC,,
PRICE (T. ROWE) GROUP,,
PRICELINE.COM INC,,
PRINCIPAL FINANCIAL GRP INC,,
PROCTER & GAMBLE CO,,
PROGRESSIVE CORP-OHIO,,
PROLOGIS INC,,
PRUDENTIAL FINANCIAL INC,,
PUBLIC SERVICE ENTRP GRP INC,,
PUBLIC STORAGE,,
PULTEGROUP INC,,
QEP RESOURCES INC,,
QUALCOMM INC,,
QUANTA SERVICES INC,,
QUEST DIAGNOSTICS INC,,
RANGE RESOURCES CORP,,
RAYTHEON CO,,
REGIONS FINANCIAL CORP,,
REPUBLIC SERVICES INC,,
REYNOLDS AMERICAN INC,,
ROBERT HALF INTL INC,,
ROCKWELL AUTOMATION,,
ROCKWELL COLLINS INC,,
ROPER INDUSTRIES INC/DE,,
ROSS STORES INC,,
ROWAN COS PLC,,
RYDER SYSTEM INC,,
SAFEWAY INC,,
SAIC INC,,
SANDISK CORP,,
SCANA CORP,,
SCHLUMBERGER LTD,,
SCHWAB (CHARLES) CORP,,
SCRIPPS NETWORKS INTERACTIVE,,
SEALED AIR CORP,,
SEARS HOLDINGS CORP,,
SEMPRA ENERGY,,
SFORCE.COM INC,,
SHERWIN-WILLIAMS CO,,
SIGMA-ALDRICH CORP,,
SNAP-ON INC,,
SOUTHERN CO,,
SOUTHWEST AIRLINES,,
SOUTHWESTERN ENERGY CO,,
SPECTRA ENERGY CORP,,
SPRINT NEXTEL CORP,,
ST JUDE MEDICAL INC,,
STANLEY BLACK & DECKER INC,,
STAPLES INC,,
STARBUCKS CORP,,
STARWOOD HOTELS&RESORTS WRLD,,
STATE STREET CORP,,
STERICYCLE INC,,
STRYKER CORP,,
SUNTRUST BANKS INC,,
SYSCO CORP,,
TARGET CORP,,
TE CONNECTIVITY LTD,,
TECO ENERGY INC,,
TENET HEALTHCARE CORP,,
TERADATA CORP,,
TERADYNE INC,,
TESORO CORP,,
TEXAS INSTRUMENTS INC,,
TEXTRON INC,,
THERMO FISHER SCIENTIFIC INC,,
TIFFANY & CO,,
TIME WARNER CABLE INC,,
TIME WARNER INC,,
TITANIUM METALS CORP,,
TJX COMPANIES INC,,
TORCHMARK CORP,,
TOTAL SYSTEM SERVICES INC,,
TRAVELERS COS INC,,
TRIPADVISOR INC,,
TYCO INTERNATIONAL LTD,,
TYSON FOODS INC  -CL A,,
U S BANCORP,,
UNION PACIFIC CORP,,
UNITED PARCEL SERVICE INC,,
UNITED STATES STEEL CORP,,
UNITED TECHNOLOGIES CORP,,
UNITEDHEALTH GROUP INC,,
UNUM GROUP,,
URBAN OUTFITTERS INC,,
VALERO ENERGY CORP,,
VARIAN MEDICAL SYSTEMS INC,,
VENTAS INC,,
VERISIGN INC,,
VERIZON COMMUNICATIONS INC,,
VF CORP,,
VIACOM INC,,
VISA INC,,
VORNADO REALTY TRUST,,
VULCAN MATERIALS CO,,
WAL-MART STORES INC,,
WASHINGTON POST  -CL B,,
WASTE MANAGEMENT INC,,
WATERS CORP,,
WATSON PHARMACEUTICALS INC,,
WELLS FARGO & CO,,
WESTERN DIGITAL CORP,,
WESTERN UNION CO,,
WEYERHAEUSER CO,,
WHIRLPOOL CORP,,
WHOLE FOODS MARKET INC,,
WILLIAMS COS INC,,
WINDSTREAM CORP,,
WISCONSIN ENERGY CORP,,
WPX ENERGY INC,,
WYNDHAM WORLDWIDE CORP,,
WYNN RESORTS LTD,,
XCEL ENERGY INC,,
XEROX CORP,,
XL GROUP PLC,,
XYLEM INC,,
YAHOO INC,,
YUM BRANDS INC,,
ZIONS BANCORPORATION,,
